<?xml version="1.0" encoding="UTF-8" ?>
<Project>
    <ProjectInfo gkxmlVersion="1.2">
        <Title>oneroom</Title>
    </ProjectInfo>
    <Building sourceType="GPL" northAxis="0">
        <EarthReferenceSystem type="WGS84">
            <altitudeMode>relativeToGround</altitudeMode>
            <Location>
                <longitude>30</longitude>
                <latitude>119</latitude>
                <altitude>0</altitude>
            </Location>
            <Orientation>
                <heading>0</heading>
                <tilt>0.0</tilt>
                <roll>0.0</roll>
            </Orientation>
        </EarthReferenceSystem>
        <ExportOptions>
            <Item name="floorMerge" value="false" />
            <Item name="wallMerge" value="false" />
        </ExportOptions>
        <Unit>centimeter</Unit>
        <DefaultBuilding>false</DefaultBuilding>
        <DefaultFloor>0</DefaultFloor>
        <Floors>
            <Floor id="0" name="1F" baseFloor="1" groupID="0" isMain="True">
                <FileSource name=".\oneroom_1F_0.sbm" type="SBM" />
                <BoundingBox minimum="-275.000000, 0.000000, -314.500000" maximum="450.000000, 300.000000, 422.500000" />
            </Floor>
        </Floors>
        <SpaceInfo>
            <Floor id="0" name="1F" longname="671395438" baseFloor="1" level="0">
                <Space name="44533836" longname="Space_1" type="SPACE" posX="27.0744" posY="0" posZ="56.9262" area="380933.00" visible="True" />
            </Floor>
        </SpaceInfo>
        <ObjectHierarchy>
            <Entity id="0" name="1F" type="Floor" longname="671395438">
                <Entity id="50" name="44533836" longname="Space_1" type="SPACE" posX="27.0744" posY="0" posZ="56.9262" area="380933.00" visible="True" />
                <Entity id="49" name="CEILING_0_399594713_0" longname="" type="CEILING" visible="True" />
                <Entity id="12" name="WALL_0_1245759835_FW0_LOWER_0" longname="" type="WALL" visible="True" />
                <Entity id="7" name="WALL_0_1245759835_FW0_SIDE0_0" longname="" type="WALL" visible="True" />
                <Entity id="8" name="WALL_0_1245759835_FW0_SIDE1_0" longname="" type="WALL" visible="True" />
                <Entity id="9" name="WALL_0_1245759835_FW0_SIDE2_0" longname="" type="WALL" visible="True" />
                <Entity id="10" name="WALL_0_1245759835_FW0_SIDE3_0" longname="" type="WALL" visible="True" />
                <Entity id="11" name="WALL_0_1245759835_FW0_UPPER_0" longname="" type="WALL" visible="True" />
                <Entity id="36" name="WALL_0_1430440707_FW0_LOWER_0" longname="" type="WALL" visible="True" />
                <Entity id="31" name="WALL_0_1430440707_FW0_SIDE0_0" longname="" type="WALL" visible="True" />
                <Entity id="32" name="WALL_0_1430440707_FW0_SIDE1_0" longname="" type="WALL" visible="True" />
                <Entity id="33" name="WALL_0_1430440707_FW0_SIDE2_0" longname="" type="WALL" visible="True" />
                <Entity id="34" name="WALL_0_1430440707_FW0_SIDE3_0" longname="" type="WALL" visible="True" />
                <Entity id="35" name="WALL_0_1430440707_FW0_UPPER_0" longname="" type="WALL" visible="True" />
                <Entity id="24" name="WALL_0_1437702220_FW0_LOWER_0" longname="" type="WALL" visible="True" />
                <Entity id="19" name="WALL_0_1437702220_FW0_SIDE0_0" longname="" type="WALL" visible="True" />
                <Entity id="20" name="WALL_0_1437702220_FW0_SIDE1_0" longname="" type="WALL" visible="True" />
                <Entity id="21" name="WALL_0_1437702220_FW0_SIDE2_0" longname="" type="WALL" visible="True" />
                <Entity id="22" name="WALL_0_1437702220_FW0_SIDE3_0" longname="" type="WALL" visible="True" />
                <Entity id="23" name="WALL_0_1437702220_FW0_UPPER_0" longname="" type="WALL" visible="True" />
                <Entity id="18" name="WALL_0_1795494162_FW0_LOWER_0" longname="" type="WALL" visible="True" />
                <Entity id="13" name="WALL_0_1795494162_FW0_SIDE0_0" longname="" type="WALL" visible="True" />
                <Entity id="14" name="WALL_0_1795494162_FW0_SIDE1_0" longname="" type="WALL" visible="True" />
                <Entity id="15" name="WALL_0_1795494162_FW0_SIDE2_0" longname="" type="WALL" visible="True" />
                <Entity id="16" name="WALL_0_1795494162_FW0_SIDE3_0" longname="" type="WALL" visible="True" />
                <Entity id="17" name="WALL_0_1795494162_FW0_UPPER_0" longname="" type="WALL" visible="True" />
                <Entity id="48" name="WALL_0_1865449244_FW0_LOWER_0" longname="" type="WALL" visible="True" />
                <Entity id="43" name="WALL_0_1865449244_FW0_SIDE0_0" longname="" type="WALL" visible="True" />
                <Entity id="44" name="WALL_0_1865449244_FW0_SIDE1_0" longname="" type="WALL" visible="True" />
                <Entity id="45" name="WALL_0_1865449244_FW0_SIDE2_0" longname="" type="WALL" visible="True" />
                <Entity id="46" name="WALL_0_1865449244_FW0_SIDE3_0" longname="" type="WALL" visible="True" />
                <Entity id="47" name="WALL_0_1865449244_FW0_UPPER_0" longname="" type="WALL" visible="True" />
                <Entity id="30" name="WALL_0_1952116207_FW0_LOWER_0" longname="" type="WALL" visible="True" />
                <Entity id="25" name="WALL_0_1952116207_FW0_SIDE0_0" longname="" type="WALL" visible="True" />
                <Entity id="26" name="WALL_0_1952116207_FW0_SIDE1_0" longname="" type="WALL" visible="True" />
                <Entity id="27" name="WALL_0_1952116207_FW0_SIDE2_0" longname="" type="WALL" visible="True" />
                <Entity id="28" name="WALL_0_1952116207_FW0_SIDE3_0" longname="" type="WALL" visible="True" />
                <Entity id="29" name="WALL_0_1952116207_FW0_UPPER_0" longname="" type="WALL" visible="True" />
                <Entity id="42" name="WALL_0_612237673_FW0_LOWER_0" longname="" type="WALL" visible="True" />
                <Entity id="37" name="WALL_0_612237673_FW0_SIDE0_0" longname="" type="WALL" visible="True" />
                <Entity id="38" name="WALL_0_612237673_FW0_SIDE1_0" longname="" type="WALL" visible="True" />
                <Entity id="39" name="WALL_0_612237673_FW0_SIDE2_0" longname="" type="WALL" visible="True" />
                <Entity id="40" name="WALL_0_612237673_FW0_SIDE3_0" longname="" type="WALL" visible="True" />
                <Entity id="41" name="WALL_0_612237673_FW0_UPPER_0" longname="" type="WALL" visible="True" />
                <Entity id="6" name="WALL_0_692174173_FW0_LOWER_0" longname="" type="WALL" visible="True" />
                <Entity id="1" name="WALL_0_692174173_FW0_SIDE0_0" longname="" type="WALL" visible="True" />
                <Entity id="2" name="WALL_0_692174173_FW0_SIDE1_0" longname="" type="WALL" visible="True" />
                <Entity id="3" name="WALL_0_692174173_FW0_SIDE2_0" longname="" type="WALL" visible="True" />
                <Entity id="4" name="WALL_0_692174173_FW0_SIDE3_0" longname="" type="WALL" visible="True" />
                <Entity id="5" name="WALL_0_692174173_FW0_UPPER_0" longname="" type="WALL" visible="True" />
            </Entity>
        </ObjectHierarchy>
    </Building>
</Project>
